name, pos_x, pos_y, pos_z, rot_x, rot_y, rot_z, bounds_x, bounds_y, bounds_z, bounds_size_x, bounds_size_y, bounds_size_z
Klimt,1.984,1.562,1.292,0,90,0,1.984,1.562,1.292,0.001000166,2.003331,1.521984
Pollock,0.5606009,1.619,-5.546001,0,180,0,0.5599192,1.617158,-5.546001,0.5911672,0.8356895,3.814697E-05
van Dongen,0.1109,1.592,-2.39115,0,270,0,0.1109,1.590215,-2.389365,0.001000062,0.6447186,0.492722
Braque,-0.109,1.63,-2.35815,0,90,0,-0.109,1.63,-2.35815,0.001000062,0.6753142,0.4546061
de Chirico,0.099,1.566,-1.51175,0,270,0,0.1,1.565238,-1.509465,0.01000005,0.5423059,0.440496
Janco,-2.031,1.718,0.961,0,270,0,-2.031,1.720237,0.9580168,0.000295639,0.9234918,0.9535842
Picasso,-0.106,1.607499,-1.506,0,270,0,-0.106,1.607499,-1.506,0.001000062,0.5955708,0.4894981
