name,bottom-left_x,bottom-left_z,top-left_x,top-left_z,top-right_x,top-right_z,bottom-right_x,bottom-right_z
Pollock,-0.05399996,-5.553,-0.05399996,-3.903,1.246,-3.903,1.246,-5.553
Braque,-1.405,-2.942,-1.405,-1.942,-0.105,-1.942,-0.105,-2.942
Picasso,-1.406,-1.95,-1.406,-0.9499998,-0.106,-0.9499998,-0.106,-1.95
de Chirico,0.11,-1.954,0.11,-0.9540002,1.41,-0.9540002,1.41,-1.954
van Dongen,0.109,-2.947,0.109,-1.947,1.409,-1.947,1.409,-2.947
Janco,-1.983,0.189,-1.983,1.489,-0.383,1.489,-0.383,0.189
Klimt,-0.32,0.199,-0.32,2.199,1.98,2.199,1.98,0.199
