name,bottom-left_x,bottom-left_z,top-left_x,top-left_z,top-right_x,top-right_z,bottom-right_x,bottom-right_z
Pollock,-0.05399996,-5.568,-0.05399996,-4.268,1.246,-4.268,1.246,-5.568
Plane,-42597.8,-42603.32,-42597.8,42593.49,42599,42593.49,42599,-42603.32
Braque,-1.096,-2.942,-1.096,-1.942,-0.09600002,-1.942,-0.09600002,-2.942
Picasso,-1.096,-1.95,-1.096,-0.9499998,-0.09600002,-0.9499998,-0.09600002,-1.95
de Chirico,0.09799999,-1.954,0.09799999,-0.9540002,1.098,-0.9540002,1.098,-1.954
van Dongen,0.097,-2.947,0.097,-1.947,1.097,-1.947,1.097,-2.947
Janco,-2.028,0.189,-2.028,1.489,-0.728,1.489,-0.728,0.189
Klimt,-0.004000008,0.199,-0.004000008,2.199,1.996,2.199,1.996,0.199
